State,Constituency,CDU Cons,CDU List,SPD Cons,SPD List,Die Linke Cons,Die Linke List,Grüne Cons,Grüne List,CSU Cons,CSU List,FDP Cons,FDP List,AfD Cons,AfD List
Schleswig-Holstein,1,68120,58320,47711,40388,12144,14002,17911,22304,0,0,11147,18955,10583,11653
Schleswig-Holstein,2,62256,52928,34685,31120,7102,8589,13026,15144,0,0,11105,18050,8117,9030
Schleswig-Holstein,3,54812,47366,34219,29756,7176,8732,8791,12960,0,0,14440,17298,10006,11180
Schleswig-Holstein,4,66625,56585,45070,35766,8074,9962,13978,19337,0,0,10077,19071,10656,11578
Schleswig-Holstein,5,46560,40736,46991,36208,11114,15546,21743,26143,0,0,11363,17804,9283,10504
Schleswig-Holstein,6,53109,43778,37728,31013,7009,8503,11736,16350,0,0,9379,16481,10223,11161
Schleswig-Holstein,7,73816,63863,56460,42729,11270,13111,15379,21336,0,0,14441,24735,14729,15977
Schleswig-Holstein,8,78824,66367,52434,43027,10838,13237,16004,21010,0,0,15617,26043,15682,17166
Schleswig-Holstein,9,56996,48898,42232,33764,6062,8303,9539,13493,0,0,10047,18147,10790,11782
Schleswig-Holstein,10,75737,66031,52171,42815,9785,12480,18688,20826,0,0,15775,26163,17435,18792
Schleswig-Holstein,11,45432,38263,43578,32919,0,12213,16785,16568,0,0,8312,14097,11137,11539
Mecklenburg-Vorpommern,12,49733,51083,34267,28947,26655,25929,5837,6606,0,0,7470,9879,24764,25692
Mecklenburg-Vorpommern,13,43453,48841,34705,25029,23433,24409,5858,5521,0,0,8290,9008,25262,25688
Mecklenburg-Vorpommern,14,47923,49433,29056,25650,40202,33575,8333,10229,0,0,7368,10661,23785,25171
Mecklenburg-Vorpommern,15,73746,55110,19515,20405,26650,30107,5081,8498,0,0,5229,11490,32173,32881
Mecklenburg-Vorpommern,16,48269,51789,21493,19064,29462,27246,3898,4068,0,0,8909,8659,36273,35595
Mecklenburg-Vorpommern,17,53538,51007,22401,20594,24728,24102,4739,4592,0,0,6633,8198,26199,27382
Hamburg,18,42149,40909,53795,41551,24083,26109,22368,25164,0,0,11202,16255,12728,13940
Hamburg,19,37575,36139,41947,29680,19704,22766,20817,26036,0,0,12482,16306,7425,8028
Hamburg,20,44416,41826,48920,34575,16123,19290,23220,26372,0,0,10537,17463,8777,9138
Hamburg,21,59441,55737,54695,38150,13277,16720,24065,25584,0,0,14911,24652,9701,10963
Hamburg,22,50822,49482,59086,45542,15673,16847,12112,17773,0,0,12007,17621,16208,16732
Hamburg,23,43274,42219,53446,40364,16382,17344,11903,15442,0,0,8039,13313,16688,17710
Niedersachsen,24,38531,39552,69231,53353,9403,10142,9787,10503,0,0,6882,10079,0,12877
Niedersachsen,25,87406,74173,48959,48194,7726,9459,8255,10258,0,0,7758,13629,13387,14620
Niedersachsen,26,44537,45098,54504,42207,8127,9738,7542,9984,0,0,8074,12958,11392,12490
Niedersachsen,27,52598,53417,63235,45514,14081,16351,19827,21821,0,0,10635,18136,11592,12625
Niedersachsen,28,57390,56526,55326,47622,10262,11567,12933,13525,0,0,15208,17076,15122,16392
Niedersachsen,29,59930,54163,43077,38923,8121,9121,8491,9709,0,0,6984,11483,11862,12650
Niedersachsen,30,67463,59229,42829,37361,7994,9564,10613,12511,0,0,8797,14538,12590,13513
Niedersachsen,31,95815,88310,47107,41983,6813,8167,8900,10803,0,0,10089,16181,8949,9701
Niedersachsen,32,93545,86301,32997,28870,6640,7145,7034,8207,0,0,8306,15298,12683,13145
Niedersachsen,33,65465,55833,40102,37505,7759,8951,11252,11992,0,0,10285,15515,11955,12434
Niedersachsen,34,59560,53035,48505,40047,10714,11055,10146,14052,0,0,8273,13464,12995,14675
Niedersachsen,35,45510,47558,51938,34211,5219,7422,6053,10068,0,0,5659,10699,10331,11671
Niedersachsen,36,65223,57815,44017,35377,8638,10117,14565,16410,0,0,10458,18839,14826,16047
Niedersachsen,37,46740,43861,39169,32865,11729,12705,20604,18906,0,0,9245,12959,12131,12498
Niedersachsen,38,68379,60737,42438,38529,7908,9156,11613,12346,0,0,9576,14603,9934,10940
Niedersachsen,39,60185,53977,47279,37336,12521,12759,15108,18353,0,0,13353,14309,0,9499
Niedersachsen,40,59128,49896,47615,43307,6530,8289,11206,11831,0,0,6539,12430,13292,14945
Niedersachsen,41,39487,36401,47549,36645,9579,12470,12102,16292,0,0,8734,13658,11364,12226
Niedersachsen,42,42713,36203,49744,37964,13775,17823,16486,22079,0,0,8165,14735,10590,11241
Niedersachsen,43,72282,62828,59552,48783,8958,10890,10725,14335,0,0,9325,18869,17217,18366
Niedersachsen,44,68655,58858,48189,40899,7901,9297,9266,12478,0,0,8830,16334,16199,17554
Niedersachsen,45,60345,56567,63294,50445,8827,10166,9342,12094,0,0,8062,14004,16501,18289
Niedersachsen,46,46181,44424,54130,44190,8220,9130,7511,9995,0,0,8034,12531,13143,14054
Niedersachsen,47,65815,58984,69104,55161,10124,12305,10693,16290,0,0,10092,17925,17570,19392
Niedersachsen,48,60457,54871,62448,52077,8502,10932,12691,14806,0,0,9330,13876,14433,15695
Niedersachsen,49,45310,45985,66587,50482,9290,11266,6680,10213,0,0,7268,12450,18564,19115
Niedersachsen,50,45881,42534,55641,38695,11145,13673,11761,17295,0,0,7877,14684,11377,12268
Niedersachsen,51,47416,47037,51646,40740,8128,9050,6096,8064,0,0,7791,10988,13857,14862
Niedersachsen,52,59391,48131,51953,48016,8525,9521,8128,9929,0,0,7438,13734,13937,15132
Niedersachsen,53,56250,51177,59032,47871,9905,14748,19131,19676,0,0,7734,15421,11870,13446
Bremen,54,44912,48458,55656,45729,22666,26425,22117,23568,0,0,20702,19138,14290,15539
Bremen,55,36363,34951,49463,43215,16739,18204,11269,13165,0,0,9755,11918,16645,17705
Brandenburg,56,36481,35215,28061,24884,20849,19447,3547,4231,0,0,4226,6555,21296,22183
Brandenburg,57,39102,36160,24843,21650,23589,23870,4714,5187,0,0,4859,7021,25804,26605
Brandenburg,58,54455,51968,41423,33856,26839,26091,9685,11684,0,0,9514,13912,32762,33987
Brandenburg,59,47594,42113,26526,25908,37721,34632,8972,7800,0,0,7111,11007,33915,34701
Brandenburg,60,39991,35556,31548,26055,19038,20925,4293,5238,0,0,5763,8194,21312,22633
Brandenburg,61,48095,48015,50588,35773,31840,35106,15549,19079,0,0,14425,17768,23890,26133
Brandenburg,62,56607,49982,36148,32565,30278,29217,8127,8617,0,0,8910,13718,37358,38915
Brandenburg,63,37344,33888,23598,22702,26401,26202,4504,5896,0,0,7008,9241,30261,30477
Brandenburg,64,36855,31366,22019,19729,20359,21456,4319,4093,0,0,7426,9941,32776,34905
Brandenburg,65,35633,33576,20142,18700,19583,18775,3543,3146,0,0,6492,8128,29830,30564
Sachsen-Anhalt,66,35644,36022,20900,18721,20973,20346,3738,3648,0,0,7388,7838,18031,18419
Sachsen-Anhalt,67,55110,47566,29174,24053,29616,24555,3540,4236,0,0,11080,11413,0,27905
Sachsen-Anhalt,68,51386,47574,24767,22915,27104,25069,4462,4968,0,0,6923,9902,22792,23860
Sachsen-Anhalt,69,44021,44616,34877,27513,30299,30056,6417,8564,0,0,10796,12713,24509,26051
Sachsen-Anhalt,70,42781,38751,14806,17360,22086,21102,5607,4299,0,0,6051,8940,23520,24327
Sachsen-Anhalt,71,45843,44620,18687,20289,30757,25887,2854,3455,0,0,9213,10848,32281,32349
Sachsen-Anhalt,72,40690,39833,32053,21196,30530,28892,5475,10457,0,0,10131,13533,26018,26727
Sachsen-Anhalt,73,43254,38678,16930,17098,21819,21042,3198,3366,0,0,8538,10132,30112,31781
Sachsen-Anhalt,74,42725,39751,20864,19835,24863,23909,3647,3250,0,0,11091,11236,32864,32982
Berlin,75,27654,27861,35036,26788,30492,32118,26781,25708,0,0,9017,12972,11782,12289
Berlin,76,36429,36994,30509,29185,53618,43774,26376,26651,0,0,7890,12321,22487,23315
Berlin,77,49654,41912,31882,27071,10384,11516,10647,12305,0,0,9688,15376,17738,18513
Berlin,78,40372,36712,41965,29733,9861,12780,8031,11063,0,0,8292,12927,17551,18481
Berlin,79,63085,53281,43801,34279,13392,16352,22712,25361,0,0,16159,25461,14549,15824
Berlin,80,47077,40085,43123,30351,14745,18367,21286,24770,0,0,14426,23280,11722,12374
Berlin,81,51708,44721,39380,36179,19356,23625,33763,27956,0,0,11362,18569,16188,17108
Berlin,82,34593,31592,37777,27520,23204,25752,15480,18446,0,0,7255,10891,15105,15904
Berlin,83,20955,23887,29028,27391,42600,49016,45055,35077,0,0,5263,10147,10558,10863
Berlin,84,29384,31372,21379,24109,61881,39000,7755,12168,0,0,5831,10067,23245,26278
Berlin,85,30480,28620,17172,19797,46782,35698,4440,5621,0,0,4852,7290,28167,29618
Berlin,86,28905,27284,20720,21850,51249,43172,8609,9821,0,0,5018,7745,23119,24603
Nordrhein-Westfalen,87,47011,38827,45309,34663,12282,14459,13104,17918,0,0,10232,19795,7817,8271
Nordrhein-Westfalen,88,62405,52656,63135,60539,8785,10105,7782,8436,0,0,11038,19213,15114,14853
Nordrhein-Westfalen,89,64121,55605,39301,36421,6424,7909,6964,7281,0,0,9334,16111,11652,12313
Nordrhein-Westfalen,90,62711,52412,47543,43816,6611,8809,8235,8198,0,0,8788,17155,13404,14432
Nordrhein-Westfalen,91,74207,63664,58792,50014,8590,11392,10354,12526,0,0,17648,27398,17113,18091
Nordrhein-Westfalen,92,79493,66503,48592,43498,10835,11403,10689,12447,0,0,18316,27410,17650,18325
Nordrhein-Westfalen,93,43683,36565,42799,33666,11898,15271,13535,15800,0,0,10652,18067,11952,12290
Nordrhein-Westfalen,94,68657,56165,52880,38485,15704,21100,28716,30630,0,0,17816,33760,9057,9964
Nordrhein-Westfalen,95,41106,36500,48148,36849,14431,19118,19621,20973,0,0,10599,16850,11249,11731
Nordrhein-Westfalen,96,57330,53334,62377,36119,10193,17133,15056,25197,0,0,18724,28113,10882,13136
Nordrhein-Westfalen,97,79987,62334,49988,40922,14684,13038,11762,13757,0,0,18768,27267,0,18237
Nordrhein-Westfalen,98,80441,61425,39246,34583,9543,11116,13643,15192,0,0,14491,30142,14592,15226
Nordrhein-Westfalen,99,67603,56567,41305,35078,7999,9887,9489,9995,0,0,12123,21353,15648,16413
Nordrhein-Westfalen,100,68948,61423,42098,36221,8409,11042,11846,15581,0,0,27049,28787,12476,13777
Nordrhein-Westfalen,101,47272,43175,59373,41671,9430,14284,8722,13472,0,0,10114,18719,13408,14970
Nordrhein-Westfalen,102,43814,39341,46657,38696,13120,16100,10987,12754,0,0,12910,18437,16339,16431
Nordrhein-Westfalen,103,61871,51318,49863,40743,10105,12689,9403,11726,0,0,12548,22947,15303,16221
Nordrhein-Westfalen,104,70762,54126,40819,36596,8647,10216,11014,11796,0,0,13202,25757,14106,15053
Nordrhein-Westfalen,105,48689,40601,37468,30492,6825,8458,7567,8599,0,0,10795,19691,11143,11926
Nordrhein-Westfalen,106,69273,55052,41903,33493,12611,14675,14408,17148,0,0,21944,33940,10912,12029
Nordrhein-Westfalen,107,47950,40606,38727,33218,18499,14111,11778,14379,0,0,13049,21277,11530,12968
Nordrhein-Westfalen,108,69658,56983,45314,37438,8535,9895,8131,9583,0,0,11471,23585,13675,14887
Nordrhein-Westfalen,109,57766,46786,31766,30547,8921,9627,7814,8169,0,0,10225,17946,11910,12373
Nordrhein-Westfalen,110,65228,54907,39142,34051,7815,9805,10140,10871,0,0,17673,26859,11196,12104
Nordrhein-Westfalen,111,82165,65475,42932,38368,8747,10342,11478,11591,0,0,14233,27576,12035,12841
Nordrhein-Westfalen,112,75375,69700,51197,39316,7096,9366,8230,10098,0,0,12692,22687,11019,11621
Nordrhein-Westfalen,113,61849,53623,52085,45627,9461,10637,8763,9743,0,0,12644,19709,13615,14325
Nordrhein-Westfalen,114,48817,40955,42219,36714,7418,10090,8063,9307,0,0,10769,18032,11294,12186
Nordrhein-Westfalen,115,34053,30746,45455,37925,8146,10369,6648,7844,0,0,8289,12491,13648,13549
Nordrhein-Westfalen,116,26522,22830,34799,34695,8885,8546,4622,4493,0,0,7054,8369,16643,15794
Nordrhein-Westfalen,117,43077,39085,56987,49165,11331,12373,8349,8228,0,0,9357,14890,18197,18560
Nordrhein-Westfalen,118,44219,39847,49226,41731,9210,10546,8690,9465,0,0,12729,18337,16221,16200
Nordrhein-Westfalen,119,28912,25606,40601,34727,8555,9524,5846,6746,0,0,7207,10583,17153,16339
Nordrhein-Westfalen,120,56393,45826,46829,37699,9846,12574,12511,14312,0,0,12639,23068,12306,12735
Nordrhein-Westfalen,121,37792,35108,47257,38822,8043,8970,6079,7132,0,0,8791,12674,13953,14777
Nordrhein-Westfalen,122,46982,41079,56019,44224,11502,9201,6363,7189,0,0,13903,14759,0,17387
Nordrhein-Westfalen,123,29768,26452,45017,39524,7614,8703,5444,5489,0,0,7864,10834,19836,20113
Nordrhein-Westfalen,124,78579,67425,39584,35466,7554,8433,8118,9142,0,0,10082,19339,9265,9719
Nordrhein-Westfalen,125,50334,44967,55128,47013,9505,10292,6522,7248,0,0,9667,15741,17756,18710
Nordrhein-Westfalen,126,81496,73881,39412,33697,6969,6540,10496,9220,0,0,14216,20609,0,9405
Nordrhein-Westfalen,127,79677,68636,36250,32787,9577,8394,12680,11667,0,0,16195,21116,0,9496
Nordrhein-Westfalen,128,67678,57215,45797,41815,8520,9692,9857,11026,0,0,8533,17205,9530,10342
Nordrhein-Westfalen,129,70606,62276,54778,39714,13024,19287,24248,27739,0,0,13219,25684,8569,9393
Nordrhein-Westfalen,130,75017,65357,45094,38992,7738,8997,8968,10815,0,0,11291,21175,11078,12025
Nordrhein-Westfalen,131,81298,67175,48942,40104,7582,10595,9992,13817,0,0,11401,22848,13996,15081
Nordrhein-Westfalen,132,56485,50995,61086,46883,16489,20522,17728,20567,0,0,13495,21364,15028,16514
Nordrhein-Westfalen,133,59571,52994,61205,47940,9353,11589,8444,11485,0,0,9411,19186,16633,18098
Nordrhein-Westfalen,134,53057,49160,55868,43966,7862,9432,7372,9625,0,0,10575,16865,14796,15829
Nordrhein-Westfalen,135,46526,40214,40908,35509,6870,8399,7671,8869,0,0,10690,15916,13005,14147
Nordrhein-Westfalen,136,69910,58939,42211,39038,8724,10188,9400,10194,0,0,10813,19543,14443,15197
Nordrhein-Westfalen,137,99004,75628,36983,35055,9554,12292,11116,13612,0,0,10228,24976,16891,18484
Nordrhein-Westfalen,138,44948,42972,58206,43548,8045,10743,5752,8673,0,0,11727,18722,16716,17622
Nordrhein-Westfalen,139,44273,37284,49333,40767,10804,11092,11538,11142,0,0,14175,17270,0,13190
Nordrhein-Westfalen,140,43773,39580,57655,46243,15462,15953,11937,13862,0,0,10923,17449,14775,15190
Nordrhein-Westfalen,141,30361,29629,52672,43312,10064,10860,6992,7414,0,0,8448,11560,16799,17001
Nordrhein-Westfalen,142,44228,37967,59990,46424,11874,15506,11281,14702,0,0,9063,17193,14644,15197
Nordrhein-Westfalen,143,39933,34822,55038,46513,12242,12924,9047,10190,0,0,9031,15403,15074,15510
Nordrhein-Westfalen,144,47452,40697,58019,50205,8048,10313,9600,10254,0,0,9635,17196,13558,14689
Nordrhein-Westfalen,145,59700,51475,61717,53467,9949,11837,7409,8938,0,0,9970,17678,17713,19068
Nordrhein-Westfalen,146,73595,62764,50458,43184,9756,11702,9459,10723,0,0,13681,23296,15311,16165
Nordrhein-Westfalen,147,73185,63651,41047,34865,6452,8183,6476,7198,0,0,12893,21919,11115,12216
Nordrhein-Westfalen,148,64484,54648,48560,42551,9554,12624,6885,8857,0,0,11742,19125,15728,17154
Nordrhein-Westfalen,149,72158,61394,39699,35269,7197,8205,5170,6866,0,0,13230,20758,13306,13847
Nordrhein-Westfalen,150,53714,49061,54890,37193,11113,9427,5356,7060,0,0,15221,19328,0,16688
Sachsen,151,38207,34321,16248,14519,20028,17173,3070,3021,0,0,7641,9189,31244,31301
Sachsen,152,43919,37622,26330,20674,31132,31137,8735,11300,0,0,9074,13565,32702,33291
Sachsen,153,42778,38111,23787,22725,43948,39058,17273,18154,0,0,10052,14866,25968,27774
Sachsen,154,54152,47944,18221,18139,24801,23368,6219,5157,0,0,10048,12859,45563,42823
Sachsen,155,55326,39406,13486,13148,19122,20111,5051,5531,0,0,7991,13156,46765,49615
Sachsen,156,48579,42995,15836,14378,24221,22597,3247,3768,0,0,9247,12122,52770,52041
Sachsen,157,48256,41000,16801,14249,20853,21534,4995,4476,0,0,7661,10810,49834,50551
Sachsen,158,44354,39581,11100,12040,22614,19708,4575,4643,0,0,9933,12795,57554,54749
Sachsen,159,44388,44104,23906,19246,37936,31004,11765,13936,0,0,13590,18610,40380,41812
Sachsen,160,47185,42792,20593,17977,32397,32040,15839,16588,0,0,12843,17684,41202,43126
Sachsen,161,48230,41189,17782,14487,20785,21582,4626,4112,0,0,8652,11767,46827,46522
Sachsen,162,38653,36270,22413,17373,28213,28010,6157,6818,0,0,9535,12184,34958,35456
Sachsen,163,48012,41947,14142,14524,23174,20972,4609,3850,0,0,10345,10542,36388,36746
Sachsen,164,56716,50759,14707,15452,24808,23090,4334,3661,0,0,11820,12106,49465,47952
Sachsen,165,48347,45106,18219,16131,36881,24665,6513,4327,0,0,19181,11253,0,38964
Sachsen,166,49104,42604,15538,16043,21809,22578,5292,4266,0,0,7836,10154,36428,37217
Hessen,167,47269,42232,49341,43446,8600,9891,8062,9660,0,0,9930,13918,15438,16411
Hessen,168,44425,41736,58759,46769,14472,18677,15466,18935,0,0,9759,15046,16501,17288
Hessen,169,39302,38531,54033,42737,7281,8746,5236,7843,0,0,6594,11096,16411,17173
Hessen,170,43514,41795,53892,44847,7852,9270,8003,9436,0,0,9298,13118,17198,18504
Hessen,171,46888,42377,50214,37202,11557,14420,8989,13088,0,0,6044,12191,14378,16125
Hessen,172,58417,51125,45375,37794,7116,10210,8909,10768,0,0,9590,14821,17874,20931
Hessen,173,57610,49518,46216,39252,10346,13798,13619,15898,0,0,12641,16926,18918,20358
Hessen,174,71946,61811,32150,28745,7669,9266,8874,10593,0,0,8437,17122,27990,25145
Hessen,175,49479,43147,38462,32069,8007,8938,7346,9614,0,0,8326,14144,20172,20927
Hessen,176,57579,48436,33201,28947,8556,9562,12884,14074,0,0,14954,21713,15075,16132
Hessen,177,49891,43951,39773,31152,6719,9249,11368,13002,0,0,11047,17462,14987,15895
Hessen,178,71555,59346,43427,35604,9394,11069,12020,15273,0,0,13053,22650,17439,20399
Hessen,179,47309,40022,39396,29247,10558,13160,12321,16286,0,0,9693,18400,14417,15496
Hessen,180,46656,39126,40185,31150,7715,10006,8054,11345,0,0,8418,15185,16907,18626
Hessen,181,66490,54902,34527,28786,7887,9504,14458,16752,0,0,17224,26571,15319,16395
Hessen,182,43663,37221,38704,29743,13934,17179,15596,19475,0,0,13185,19989,12892,13342
Hessen,183,55221,45731,44240,33511,15523,20059,23026,26415,0,0,13877,24336,13033,13737
Hessen,184,45963,39950,42342,33318,8729,10755,8877,11862,0,0,7358,12645,14805,15943
Hessen,185,58565,49302,40106,34519,12435,14261,14246,16421,0,0,12420,20372,18047,19050
Hessen,186,58216,52218,56442,42638,16146,19508,26939,27317,0,0,11739,20893,17227,18654
Hessen,187,65654,59635,52761,42516,11138,13433,14181,16084,0,0,13139,19948,21347,22258
Hessen,188,59781,51088,41408,34435,8511,10197,11747,13595,0,0,11711,18196,19153,19923
Thüringen,189,59318,52667,22320,21652,23848,22613,3992,4778,0,0,7633,11974,33402,32854
Thüringen,190,55378,48340,24478,23206,24899,25171,5066,5596,0,0,8075,11545,34052,35824
Thüringen,191,44684,42092,21668,19150,32680,28312,7544,9497,0,0,8939,13310,29451,30426
Thüringen,192,42221,40576,27120,20391,22674,22920,4809,5411,0,0,8775,11218,34798,35091
Thüringen,193,45305,42168,30257,23535,30948,32239,11722,12666,0,0,9975,14260,28960,30166
Thüringen,194,52980,47690,20627,19845,32573,30402,3652,4709,0,0,9712,14315,47558,47275
Thüringen,195,52311,47769,19753,20427,28926,28088,5726,5124,0,0,10323,13209,44894,43740
Thüringen,196,56316,50956,22579,22826,30646,28467,4408,5559,0,0,8147,11298,38351,38693
Rheinland-Pfalz,197,76933,68357,50996,45447,9521,11338,9449,10738,0,0,10898,18071,16954,19273
Rheinland-Pfalz,198,64006,60937,40944,34113,6790,8519,8616,10059,0,0,12981,17397,13105,14437
Rheinland-Pfalz,199,61594,56616,42777,35679,7693,10332,9273,11862,0,0,9732,16152,12153,13701
Rheinland-Pfalz,200,58596,55606,33477,30799,7040,8143,6465,7487,0,0,11544,14924,10834,11996
Rheinland-Pfalz,201,50975,47189,43373,37906,7610,9493,6750,8629,0,0,9342,13654,14914,16198
Rheinland-Pfalz,202,63719,55591,32017,27255,6786,7433,0,7710,0,0,8703,12888,8840,10058
Rheinland-Pfalz,203,56611,55882,50283,36950,9842,12934,9645,13512,0,0,7910,13841,10414,11926
Rheinland-Pfalz,204,68727,60594,47312,39906,11098,9576,8225,10058,0,0,14543,17703,0,17826
Rheinland-Pfalz,205,71535,65713,56184,44203,12904,17148,21685,26415,0,0,13813,22608,14542,16535
Rheinland-Pfalz,206,68685,54721,44569,42471,8539,10811,11280,13449,0,0,10058,17543,18902,21978
Rheinland-Pfalz,207,51168,49226,50740,39822,8979,10614,8700,11621,0,0,11910,16321,23109,24641
Rheinland-Pfalz,208,69504,61407,44032,37894,8207,10537,13156,15389,0,0,11734,19251,20593,22070
Rheinland-Pfalz,209,53022,49400,57482,47986,12277,13548,8618,11360,0,0,9256,15519,21378,23206
Rheinland-Pfalz,210,48719,47455,38028,32794,8019,9511,5544,6156,0,0,8846,11803,16989,18652
Rheinland-Pfalz,211,68588,59309,44224,37293,8018,10975,13500,14788,0,0,10209,17560,20932,23191
Bayern,212,0,0,15479,15511,6060,6659,7584,8608,68435,55417,7070,11209,16486,18330
Bayern,213,0,0,24131,19943,6418,8352,16607,17768,78212,63525,11889,19407,16689,19366
Bayern,214,0,0,24916,23029,9265,9506,17439,18036,79545,73650,13400,19308,23222,25178
Bayern,215,0,0,35454,25929,7699,9633,17244,20886,82602,75621,13661,22005,19352,21934
Bayern,216,0,0,24799,24424,8817,9830,11515,13205,90383,76236,9310,17154,23720,27673
Bayern,217,0,0,45068,28903,10351,14302,22726,29334,55811,49953,16669,26241,13216,14982
Bayern,218,0,0,39621,29744,11655,14124,28278,29866,68255,58483,16451,27459,13822,15959
Bayern,219,0,0,39873,27500,12611,14694,23343,29560,55894,50686,15332,22587,12921,14578
Bayern,220,0,0,44283,30617,13569,16638,31385,35605,64014,57322,17369,26356,12852,14895
Bayern,221,0,0,31943,27490,7708,9996,26890,24837,85347,73189,18312,30054,16458,18470
Bayern,222,0,0,21890,20967,7036,9449,17307,18571,84981,75178,13750,20311,23988,25697
Bayern,223,0,0,14792,14457,6922,6486,17786,13605,62465,54786,10702,16343,13025,15391
Bayern,224,0,0,29308,22332,6983,9594,20864,23111,73948,67512,16893,24950,15607,17460
Bayern,225,0,0,25659,18916,7144,8508,12972,14680,80056,71196,9034,14614,16276,19191
Bayern,226,0,0,19722,15402,6229,7214,12066,12753,63784,57254,9370,13909,13383,16145
Bayern,227,0,0,20612,16915,4955,5892,5342,5528,52167,48182,4707,8968,20438,22765
Bayern,228,0,0,25970,25095,6869,9270,12514,13856,75702,75521,16297,19361,24080,28061
Bayern,229,0,0,24611,19709,6246,7357,7248,8393,61835,52937,7900,11918,18328,20967
Bayern,230,0,0,17683,15765,4851,5510,6061,6478,55364,52752,8625,11215,18539,20401
Bayern,231,0,0,21525,17512,4766,5590,4602,5846,60976,53712,5670,10308,19261,23576
Bayern,232,0,0,25580,26080,7461,8948,11612,11997,80075,71720,8388,12854,18790,21550
Bayern,233,0,0,32862,28582,11761,13259,18343,20332,78858,74720,12254,17719,23275,25625
Bayern,234,0,0,38461,26122,7929,7339,6172,7302,77092,66827,7392,10608,0,28006
Bayern,235,0,0,28614,24631,5677,6204,4553,6426,59285,55691,5269,8479,0,17411
Bayern,236,0,0,29475,22529,7504,9351,13194,14279,60675,56138,9364,13776,16603,18392
Bayern,237,0,0,26785,23198,5476,7022,8936,9994,58665,53063,8368,11369,11845,13566
Bayern,238,0,0,32163,27553,6305,6895,7129,8155,55078,48410,5877,9967,12763,14208
Bayern,239,0,0,29641,27775,5560,7185,5936,6989,59182,48772,4716,9890,14893,16605
Bayern,240,0,0,21494,23675,5057,6431,5880,7966,74105,58112,5381,10335,15497,17997
Bayern,241,0,0,33755,31464,11179,12208,13946,16239,81431,74425,7661,13825,19396,21734
Bayern,242,0,0,30965,25578,8633,11115,16179,19862,62767,52414,8713,14973,11670,13953
Bayern,243,0,0,45055,37089,13311,15442,19088,20540,78559,69472,10618,17545,20968,23033
Bayern,244,0,0,37068,26456,14511,16962,18463,21909,45340,40106,10379,15412,13398,14503
Bayern,245,0,0,34621,27467,10772,11640,10163,12166,46511,40882,7632,11199,17270,18679
Bayern,246,0,0,37920,34040,8887,11635,14465,18033,81874,69743,8583,15990,18925,21317
Bayern,247,0,0,23660,25198,6833,8699,13144,13432,68708,55009,11381,15610,14985,16642
Bayern,248,0,0,32383,26904,9071,10085,11980,11359,86603,75788,9534,15084,17753,19650
Bayern,249,0,0,35148,28903,7515,8562,11050,11939,72406,65245,7708,13720,14075,16856
Bayern,250,0,0,26346,26163,12091,10422,11466,11717,73901,63674,9506,13789,17198,18905
Bayern,251,0,0,33929,32126,10130,12931,25359,23719,76515,67585,14592,18813,13872,15764
Bayern,252,0,0,29285,24112,12850,13649,21062,18782,52769,48420,9191,15149,20170,21015
Bayern,253,0,0,27813,25240,7231,9737,14809,17447,94252,81831,11976,20565,24279,27045
Bayern,254,0,0,26562,20289,6198,6687,9436,10102,68770,63638,7321,13440,18799,21585
Bayern,255,0,0,26419,24828,7855,9274,16519,14898,80503,72104,10780,18627,24612,27327
Bayern,256,0,0,21451,21725,8264,10130,16162,19792,88357,72855,12262,18935,16825,18529
Bayern,257,0,0,21610,23044,10153,10387,16537,16214,93430,79932,10627,19898,24018,25384
Baden-Württemberg,258,51118,46243,20512,23350,10409,14830,47430,31283,0,0,13399,26203,10646,11455
Baden-Württemberg,259,46166,40109,25469,23458,12321,12553,21850,21071,0,0,11903,19210,14345,14899
Baden-Württemberg,260,75323,68991,38053,30296,9715,10434,23206,24746,0,0,24867,29510,21842,22874
Baden-Württemberg,261,53665,44748,25697,22579,7853,8361,20501,19565,0,0,11657,18512,14390,14692
Baden-Württemberg,262,65566,56105,31655,25190,7978,9132,24540,23673,0,0,16390,24922,19833,20544
Baden-Württemberg,263,50892,45290,29730,23924,5994,6882,16420,16749,0,0,12492,17188,19588,19956
Baden-Württemberg,264,64958,58372,33898,28146,8626,9881,21542,21539,0,0,23568,28617,21863,22870
Baden-Württemberg,265,66430,58003,30971,28547,9487,10451,24702,24000,0,0,17691,25538,20157,19780
Baden-Württemberg,266,73689,60898,36327,30472,8453,9719,23092,24282,0,0,16191,27145,23215,24212
Baden-Württemberg,267,64591,58755,42455,32489,8448,10520,14920,19016,0,0,17566,23872,28575,30089
Baden-Württemberg,268,68717,58215,31406,27472,7314,9594,21468,20512,0,0,14252,21629,22894,24827
Baden-Württemberg,269,55595,47588,26971,22298,7581,7999,15216,15482,0,0,10882,16717,17788,19438
Baden-Württemberg,270,77752,64217,35164,31341,8678,9233,16123,18427,0,0,10218,17707,18447,20616
Baden-Württemberg,271,45821,44776,37924,27044,12155,15452,28268,29408,0,0,13829,19251,16073,16741
Baden-Württemberg,272,67396,59137,32886,28591,7627,9119,19076,20489,0,0,15138,21441,19512,20887
Baden-Württemberg,273,68259,58798,29486,26374,7123,8369,16954,17766,0,0,11150,17847,18849,19701
Baden-Württemberg,274,58019,53138,46219,32806,10751,14812,29664,30491,0,0,11769,22556,15803,16850
Baden-Württemberg,275,41812,38746,39795,30309,10493,12989,18739,18803,0,0,9835,16050,17833,18309
Baden-Württemberg,276,75531,64208,30849,27175,8422,8907,11090,13642,0,0,11419,17564,21849,22289
Baden-Württemberg,277,57788,51797,36886,28486,8010,9738,14792,17687,0,0,12571,18933,20177,20942
Baden-Württemberg,278,63166,53147,29684,26560,7016,8674,12641,15500,0,0,10255,18180,21960,22794
Baden-Württemberg,279,60476,54364,31611,27101,7730,8952,16016,17869,0,0,19760,22643,26172,27107
Baden-Württemberg,280,65676,56330,25601,21832,6832,7759,13284,14989,0,0,14154,21646,21431,22715
Baden-Württemberg,281,50256,50423,40647,31452,13172,20168,46115,38002,0,0,9546,16725,12984,14103
Baden-Württemberg,282,69148,60513,36986,31249,8854,10898,26244,27014,0,0,15271,19449,16854,18459
Baden-Württemberg,283,62476,59784,39472,29738,8691,9588,18537,22806,0,0,14275,17626,18027,19139
Baden-Württemberg,284,73935,57033,26532,25406,8264,8411,19383,21220,0,0,9593,16940,15899,17800
Baden-Württemberg,285,64558,57060,23855,21900,5825,7141,14299,15329,0,0,16255,20328,19543,20942
Baden-Württemberg,286,58149,46812,20672,19337,5347,6608,12085,15113,0,0,10438,15124,14069,15350
Baden-Württemberg,287,70355,52194,26396,24529,11003,11306,21052,25202,0,0,11425,20758,15006,16215
Baden-Württemberg,288,56528,53066,32522,22122,6767,7369,16030,18842,0,0,8402,14647,12388,13299
Baden-Württemberg,289,63494,53873,23397,23321,9711,9543,22309,21695,0,0,15533,21425,18702,20171
Baden-Württemberg,290,56446,48828,27325,24865,13862,15096,30197,28521,0,0,12504,18718,13684,15887
Baden-Württemberg,291,74849,64988,35456,27889,8105,9976,20990,24160,0,0,14173,20277,18734,20432
Baden-Württemberg,292,57837,56162,22034,16557,4907,5997,17589,14729,0,0,9775,14321,14640,16236
Baden-Württemberg,293,56165,50428,24451,19321,7185,8316,18811,20015,0,0,11999,17954,14079,14164
Baden-Württemberg,294,55758,56264,17958,19398,7860,8889,29216,21770,0,0,14672,16441,13668,14901
Baden-Württemberg,295,61694,52284,19716,19446,6450,7061,17489,15798,0,0,12695,18394,18609,18814
Saarland,296,45664,41394,46688,38322,19262,21669,8782,11748,0,0,7672,11753,12950,14042
Saarland,297,60102,52981,50672,42476,17142,20320,5532,8598,0,0,6069,12059,14224,15506
Saarland,298,57987,50660,42129,38368,13584,15686,4674,6662,0,0,6517,9569,11646,12627
Saarland,299,48102,44538,45022,39729,15724,17773,7128,8109,0,0,7369,11096,15767,16745
